{
  "bias": [
    3.1345638527111106,
    -1.0315404274423439,
    0.3345072743076182,
    -0.4695726593568442,
    0.1375145904025467,
    -0.5750425348758401,
    0.15859791390113642,
    -0.1872797224353942,
    -0.42264560497835824,
    2.390168375520816,
    -0.3125787169617866,
    -0.8619396234448965,
    0.2630950169701026,
    -0.39027440178256473,
    -0.2110313902514494,
    -0.37644443056605964,
    -0.01068297144167972,
    -1.0046439707927999,
    -0.591144907872053,
    -0.8559848281756522,
    -0.10141155731485481,
    1.975295256817662,
    -0.739126051175109,
    -0.1068816276876091,
    -0.14551685407569787
  ],
  "n_clips": 327,
  "source": "results/mmpose_results/debug/debug_bst_outputs.parquet (2025-07-01 run, after bbox-norm fix)",
  "logit_range": [
    -5.154499053955078,
    7.633233070373535
  ]
}