{
  "bias": [
    3.1345638527111106,
    -1.0315404274423439,
    -0.4800825886428732,
    -0.2668224769478151,
    -0.2591290938574236,
    -0.3910316800398735,
    0.4280531924068397,
    -0.18727972243539417,
    -0.3262306937844877,
    2.390168375520816,
    -0.3278411782097251,
    -0.8619396234448965,
    -0.32640816138218615,
    -0.4002679056633142,
    -0.7921638500652357,
    -0.7330692042558278,
    0.038684939566367704,
    -0.7305227382495811,
    -0.26112463863102203,
    -0.3669187759398878,
    0.15465427208664767,
    1.8673652276325656,
    -0.14242695717206377,
    -0.10688162768760906,
    -0.021808516072786888
  ],
  "n_clips": 100,
  "source": "supervised fit from labels_enriched.csv",
  "method": "supervised",
  "reg_lambda": 0.3,
  "min_support": 2,
  "temperature": 1.3467411994934082,
  "temperature_far": 1.3467411994934082,
  "temperature_near": 1.3467411994934082,
  "before_accuracy": 0.02,
  "before_macro_f1": 0.009259259259259259,
  "after_accuracy": 0.02,
  "after_macro_f1": 0.009259259259259259,
  "cv_accuracy_mean": 0.08,
  "cv_accuracy_std": 0.024494897427831782,
  "cv_macro_f1_mean": 0.03254008035962923,
  "cv_macro_f1_std": 0.012379304914308054
}