{
  "temperature": 1.6155904531478882,
  "temperature_far": 1.6155904531478882,
  "temperature_near": 1.6155904531478882,
  "mean_conf_t1": 0.37099779328095783,
  "mean_conf_cal": 0.15659932722468048,
  "n_model": 48,
  "method": "nll_minimization_from_labels_enriched.csv_framediff<=10"
}