{
  "bias": [
    0.6240790566940286,
    -0.2473170303831919,
    0.2131532531110611,
    -0.29905213654135654,
    2.2623226099924514,
    0.330687871623973,
    -0.6126253055258847,
    -0.23345039105227436,
    -0.9265447736974182,
    0.4303981975436884,
    -0.45546147611037324,
    -0.6736478916289375,
    -0.06359605385043907,
    0.4694669599700227,
    -0.3978428509437155,
    -0.33426195363932604,
    0.708624898553067,
    0.13869551793192125,
    -1.0092049615373548,
    -0.011101018776296573,
    0.804135573103343,
    0.2683397262888481,
    -1.1133482816893738,
    0.11468302656953855,
    0.0128674339939992
  ],
  "n_clips": 227,
  "source": "mmpose_results run (phone footage, 227 clips)"
}