{
  "bias": [
    1.0254821912434182,
    0.39931442970934017,
    -1.142607291795493,
    0.24584375455902333,
    -0.47317602609662246,
    -0.36895692752289944,
    0.30357802935076306,
    0.5069852027259758,
    -0.1563346497523162,
    0.6148017166824425,
    0.09167034903821275,
    0.39471955690507166,
    -0.4646769424700606,
    -0.44586199868952187,
    -0.9699855341396977,
    -0.8637334204261938,
    0.010335536320683677,
    -0.8198200626209033,
    0.43325753695103614,
    0.09428644991984808,
    -0.08335569126829206,
    0.8526535163939625,
    0.16363767930192583,
    0.4778918978661969,
    0.17405069781409968
  ],
  "n_clips": 48,
  "source": "supervised fit from labels_enriched.csv (frame_diff \u2264 10)",
  "method": "supervised",
  "reg_lambda": 0.5,
  "min_support": 1,
  "temperature": 1.6155904531478882,
  "temperature_far": 1.6155904531478882,
  "temperature_near": 1.6155904531478882,
  "before_accuracy": 0.041666666666666664,
  "before_macro_f1": 0.02056277056277056,
  "after_accuracy": 0.08333333333333333,
  "after_macro_f1": 0.026785714285714284
}